,Pvalues,TPList,Speedup,Efficiency
2,2,625,1.6,0.8
3,10,325,3.076923077,0.307692308
4,50,265,3.773584906,0.075471698
5,100,257.5,3.883495146,0.038834951
