Speedup,S
72.11267606,0.01
41.96721311,0.02
29.59537572,0.03
22.85714286,0.04
18.61818182,0.05
15.70552147,0.06
13.58090186,0.07
11.96261682,0.08
10.68893528,0.09
9.660377358,0.1
8.812392427,0.11
8.101265823,0.12
7.496339678,0.13
6.975476839,0.14
6.522292994,0.15
6.124401914,0.16
5.772266065,0.17
5.458422175,0.18
5.176946411,0.19
4.923076923,0.2
4.692942255,0.21
4.483362522,0.22
4.291701593,0.23
4.115755627,0.24
3.953667954,0.25
